{
  "framework_name": "MM_PoEditor_Parser.framework",
  "static_framework": true,
  "resources": [

  ],
  "resource_bundles": [

  ],
  "build_settings": {
    "ASSETCATALOG_COMPILER_APPICON_NAME": "AppIcon",
    "CODE_SIGN_IDENTITY": "iPhone Developer",
    "IPHONEOS_DEPLOYMENT_TARGET": "9.0",
    "LD_RUNPATH_SEARCH_PATHS": [
      "$(inherited)",
      "@executable_path/Frameworks"
    ],
    "SDKROOT": "iphoneos",
    "TARGETED_DEVICE_FAMILY": "1,2"
  },
  "source_hash": null,
  "project_root": "/Users/raul.pedraza/MasMovil"
}